customer_id,customer_name,address,phone_number,state,country
1,Melinda Robinson,17955 Cobb Lights Apt. 597,001-938-503-9629x2933,Adelaide,Australia
2,Sara Calderon,199 Melissa Streets,4816277101,Rome,Europe
3,James Davis,76598 Sophia Way,(513)373-9620x660,Madrid,Europe
4,Dennis Krause,5904 Watson Manors Suite 335,889.720.4318x55357,Dubai,Middle East
5,Timothy Herring,913 Joshua Trace Suite 944,383-505-9252x25213,Kolkata,India
6,Monica Harris,874 Nicholas Inlet Apt. 557,2054492670,Delhi,India
7,Cassidy Booth,6656 Hawkins Alley,(282)736-9469,North-East Region,Singapore
8,Patricia Wright,93232 Karen Square,542.353.7263x35370,Novosibirsk,Russia
9,Gregory Romero,02304 Fletcher Heights,4077947147,Paris,Europe
10,Courtney Morgan,3061 Angie Springs Suite 366,985.618.4433,London,Europe
11,Daniel Howard,20973 Larson Tunnel,+1-405-722-0331x779,Madrid,Europe
12,Duane Phillips,2066 Macdonald Wall Suite 884,001-921-486-2108,Doha,Middle East
13,Lisa Briggs,136 Robinson Locks,539-907-2057x640,Paris,Europe
14,Seth Dawson,0717 Michaela Square,+1-829-639-0699x525,Dubai,Middle East
15,Christopher Clayton,243 Jones Mount Apt. 874,001-584-979-2448x1125,Adelaide,Australia
16,Amanda Valdez,194 Ronald Hills Apt. 234,553.702.7387x48587,Chennai,India
17,Samantha Mcdonald,703 Margaret Lodge Apt. 906,972-286-8428x2168,Abu Dhabi,Middle East
18,Tammy Welch,3430 Doris Oval,8623109300,Doha,Middle East
19,Diane Harris,73597 Michelle Crossing,881.486.3238x80197,East Region,Singapore
20,Joshua Martinez,9418 Robertson Squares Suite 004,(630)445-0733x758,Moscow,Russia
21,Joseph Robertson,4370 Mario Mills,+1-618-919-3358,Berlin,Europe
22,Rhonda Cox,6918 Gardner Wells,001-809-291-6090x3465,Berlin,Europe
23,Rebecca Rodriguez,49675 Gordon Course Apt. 008,917-587-0248,East Region,Singapore
24,Henry Holt,6963 Miguel Ports Apt. 532,+1-230-266-9609x62037,West Region,Singapore
25,Cody Taylor,6158 Cooper Mount,+1-836-951-1632x617,Novosibirsk,Russia
26,Alyssa Erickson,56305 Fischer Rest,411.598.6911x2607,Mumbai,India
27,Alicia Johnson,880 Dominic Views,580.850.9353x961,Novosibirsk,Russia
28,Anna Morrow,025 Rangel Shores Suite 567,001-857-979-9500x52465,Rome,Europe
29,Alicia Arias,62275 Tyler Mission,440.241.2723x191,Abu Dhabi,Middle East
30,Heather Pearson,384 Melissa Mountain,392.575.0497x9144,Bangalore,India
31,Nathan Hancock,668 Bailey Inlet,(927)247-6018,North-East Region,Singapore
32,Raymond Robinson,969 Owens Mountain,6615209066,Perth,Australia
33,John Chen,62034 Pierce Inlet Apt. 068,(466)372-6966,Delhi,India
34,Carlos Taylor,2664 Glenn Trail,462-848-2891,Kazan,Russia
35,Bridget Wilson,328 Charles Mews Suite 518,+1-491-410-3413x23966,Riyadh,Middle East
36,Ryan Barber,4607 Jones Springs Suite 833,001-477-689-6880x099,Doha,Middle East
37,Christy Young,140 Rebecca Groves,+1-695-678-8924,Yekaterinburg,Russia
38,Teresa Johnson,62788 Valerie Brooks,969.507.7112,Novosibirsk,Russia
39,David Yates,64152 Brown Row,+1-701-911-0782x9656,Novosibirsk,Russia
40,Kristen Klein,394 Fields Prairie Suite 018,948-205-7628x7197,Central Region,Singapore
41,Gabriella Gillespie,1705 Jones Dale Suite 499,4826412920,Novosibirsk,Russia
42,William Chang,967 Morris Spur Suite 889,869-443-6988x39816,Doha,Middle East
43,Brett Lucas,703 Thomas Ramp Suite 244,001-462-974-6789,Mumbai,India
44,Dana Gonzalez,6057 Johnson Port,001-931-305-3545x182,Adelaide,Australia
45,Mary Mills,236 Leslie Well Apt. 870,419.694.8160x56959,East Region,Singapore
46,Diane Robertson,400 Cochran Burgs Apt. 329,872-667-1452,Adelaide,Australia
47,Jennifer Owens,58021 Ramsey Roads,430.503.7657x491,Novosibirsk,Russia
48,Omar Fleming,077 Sandra Forks,+1-511-261-5807,Sydney,Australia
49,Kimberly Hernandez,206 Mark Mount Suite 690,001-310-614-5883x293,Kolkata,India
50,Lisa Woodward,2314 Karen Lock,(238)328-8237x603,North Region,Singapore
51,Daniel Chaney,65917 Laura Brook,001-961-842-5407,Kazan,Russia
52,Daniel Fuller,633 Tiffany Rue Suite 140,001-641-915-1770x25427,Melbourne,Australia
53,James Koch,54833 Brian Junctions Suite 736,940-645-3049x15863,Mumbai,India
54,Stephen Brown,936 Andrea Parkways,+1-843-641-4060x711,Delhi,India
55,David Brown,8714 Christopher Meadows,734.688.4519,Moscow,Russia
56,Jared Miller,972 Hicks Shore,+1-836-411-7532x0963,Moscow,Russia
57,Rachel Smith,963 Melissa Lane,(663)212-4684,Rome,Europe
58,Gregory Graves,33622 Carlos Mission,830.610.7852x5070,Dubai,Middle East
59,Melissa Owens,04588 Johnson Club,2753708831,Riyadh,Middle East
60,Jonathan Clark,4833 Brown Avenue,+1-533-318-2781x0368,Madrid,Europe
61,Nicole Parks,05009 Amanda Plaza,328-325-7702,Muscat,Middle East
62,David Davidson,830 Michael Burg Suite 865,(879)924-7797,Chennai,India
63,Andrew Harper,84021 Wendy Glens Suite 752,398.689.6136x578,Perth,Australia
64,Ethan Ellis,882 Elizabeth Islands,561.911.3259x7316,North Region,Singapore
65,Mallory Guzman,3133 Rios Knoll Apt. 131,+1-237-657-4249x63985,East Region,Singapore
66,James Shepherd,8980 Smith Extension Apt. 177,001-850-975-2386x4527,Saint Petersburg,Russia
67,Gary Thomas,70039 Hill Valleys Apt. 921,821.350.2164x2936,Mumbai,India
68,Michael Lee,884 Casey Isle,8044111725,Muscat,Middle East
69,Jodi Watkins,8614 Erin Bypass,+1-523-487-5227x974,Dubai,Middle East
70,Wendy Freeman,822 Kirby Mountain,+1-442-686-9509x6067,Berlin,Europe
71,Anita Lee,266 Snyder Meadow,250-871-8974x221,Kolkata,India
72,Amanda Reyes,1415 Yvonne Mission,403.253.5883x7560,Central Region,Singapore
73,Sarah Mills,109 Jones Drive,001-622-672-0574x37784,Kazan,Russia
74,Audrey Lyons,00755 Dunn Club,001-416-838-0671x4098,Bangalore,India
75,Ryan Montoya,6523 Mills Expressway Suite 852,+1-306-237-1063,Perth,Australia
76,David Fuller,39826 Mario Orchard,001-900-563-9256x4830,West Region,Singapore
77,Jessica Scott,03085 Moore Stravenue Apt. 541,5598960944,Perth,Australia
78,Eric Wood,83409 Chen Club Suite 574,001-735-869-4699,North-East Region,Singapore
79,Andrew Smith,242 James Keys,(287)892-2749,London,Europe
80,Kyle Chang,5472 Francis Island Suite 567,454.538.6062x376,Riyadh,Middle East
81,Emma Stewart,579 Small Skyway Suite 642,919-291-0091x585,Brisbane,Australia
82,Garrett Contreras,365 Davis Knolls Suite 247,(656)205-9864x85093,Perth,Australia
83,Ian Anderson,36535 Torres Harbors Suite 741,731-977-1983x64090,Doha,Middle East
84,Kenneth Bush,1464 King Turnpike,+1-572-968-8421x966,Perth,Australia
85,Melissa Lee,1947 Snyder Crest,381.503.4363x216,Melbourne,Australia
86,Samuel Mccarthy,2555 Nicholas Highway Suite 188,001-588-336-4635x869,Bangalore,India
87,Monique Taylor,2544 Destiny Road Apt. 012,+1-395-495-6341x1078,Paris,Europe
88,Charles Berger,602 Colon Extension Suite 337,001-288-536-7492,Mumbai,India
89,Donald Bonilla,13305 Smith Overpass,001-684-883-2859x0860,London,Europe
90,Cynthia Butler,35710 Gabriella Centers,+1-359-649-2040x307,Novosibirsk,Russia
91,Justin Carroll,266 Turner Neck Suite 209,(286)612-7039x3343,North-East Region,Singapore
92,Victor Lee,695 Reed Ridges,+1-338-264-7834x40021,Kolkata,India
93,Christian Martin,531 Kevin Valley Apt. 079,4232640815,Berlin,Europe
94,Erik Vazquez,5088 Warren Knolls,977.880.3899,Perth,Australia
95,Philip Kirby,8821 Brandon Forge,+1-819-443-6434x81582,Doha,Middle East
96,Susan Torres,3161 Hicks Oval,771.378.9366,Novosibirsk,Russia
97,Joshua Lindsey,54373 Kimberly Spurs,515.930.8125,North Region,Singapore
98,Lindsay Davis,9110 Romero Garden,746-293-9747x477,Abu Dhabi,Middle East
99,Kiara Nichols,315 Foster Circle,001-403-970-2454x8100,Delhi,India
100,Tamara Hall,389 Lucas Alley,526.649.0496,Delhi,India
101,Katherine Hughes,3752 Williams Crossroad,467-260-3959x484,Chennai,India
102,Richard Martinez,2201 Michael Dam,001-810-348-1040x32189,Bangalore,India
103,Bailey Johnson,647 Aaron Wall Suite 709,001-580-269-7327x611,Kazan,Russia
104,Audrey Key,73011 Guzman Road Suite 203,(716)415-4791x38524,Abu Dhabi,Middle East
105,Frank Hunter,2256 Kelli Track,+1-426-717-6062x554,Melbourne,Australia
106,Andrea Perry,435 Shields Summit,001-696-300-0387,Paris,Europe
107,Elizabeth Moore,7008 Marks Camp,257.477.9272x2035,Bangalore,India
108,Stephanie Olson,98717 Brian Streets Apt. 675,(233)211-9567x625,Riyadh,Middle East
109,Jason Hughes,33848 Tiffany Parkways Apt. 810,(808)917-3255x30061,Kazan,Russia
110,Cynthia Alvarado,5041 Adkins Isle,+1-685-404-4801,Doha,Middle East
111,Melissa Glover,949 Seth Tunnel,822.250.0090,Madrid,Europe
112,Melissa Roberts,349 Dean Crossing,8468626616,Moscow,Russia
113,April Alvarez,74196 Eric Forks,001-373-869-3761x8925,Melbourne,Australia
114,Megan Hill,942 Robin Parks,483-683-8781,Saint Petersburg,Russia
115,Mary Wilson,5823 Allen Glens Suite 520,746.898.7608x94466,Kolkata,India
116,Larry Collins,256 Santiago Pike Apt. 266,571.924.2610x228,Kolkata,India
117,Mark Hanson,292 Lee Mountains,922-603-7129x52529,Sydney,Australia
118,Ethan Smith,775 Aaron Fort Apt. 023,(973)947-5517,Brisbane,Australia
119,Kelly Morgan,966 Curtis Plain,+1-632-793-0180x130,Moscow,Russia
120,Joseph Smith,6884 Amy Neck Suite 323,(338)813-3139x3741,North-East Region,Singapore
121,Brenda Smith,58751 Hester Roads,692-414-4087,Moscow,Russia
122,Jamie Wright,50056 Jones Manors Suite 988,7564243876,Mumbai,India
123,Anthony Estes,570 Thomas Orchard Suite 739,(519)335-0796x1293,Saint Petersburg,Russia
124,Thomas Dawson,1205 Mitchell Ranch,475-737-8530x618,Delhi,India
125,Michael Hughes,27131 Thompson Wells Suite 784,+1-913-332-7942,West Region,Singapore
126,Brittney Mckinney,33430 Dean Field Suite 075,(737)717-5508x23265,Riyadh,Middle East
127,Lauren Prince,25885 Turner Points Suite 229,699-354-0801,Delhi,India
128,Ms. Nancy Kent,559 Hall Walks Suite 259,001-408-681-8068x51140,Mumbai,India
129,Earl Johnson,64391 Kevin Port,222.332.5755,North Region,Singapore
130,Sally Ramirez,7554 Mccormick Plains,596-906-9131x9906,North Region,Singapore
131,Anthony Smith,05756 Benson Bypass Suite 361,526-973-4907,Perth,Australia
132,Eric Lewis,246 Jonathan Mountain,(944)537-2387x32923,Mumbai,India
133,Ann Brown,7676 Curtis Course Apt. 996,(238)497-2303x7588,Riyadh,Middle East
134,Sean Hanna,166 Julie Shores,609.245.0670x79657,North Region,Singapore
135,Leslie Davis,841 Gutierrez Lane Suite 532,001-834-204-2522x0756,Melbourne,Australia
136,Katelyn Shannon,062 Sydney Oval Apt. 851,001-392-906-7485,Kazan,Russia
137,Stephen Williams,2807 Joshua Rue Apt. 653,+1-887-718-6305x26889,Berlin,Europe
138,James Jenkins,671 Davis Crossroad Suite 497,398.783.8856x93672,Yekaterinburg,Russia
139,Jennifer White,6677 Alejandro Oval Apt. 369,956.523.8511x97045,Berlin,Europe
140,Daniel Stephens,98845 Leslie Crescent,462-212-8464,Sydney,Australia
141,Lisa Woods,813 Thompson View,2093689211,North-East Region,Singapore
142,Kimberly Garner,5014 Cooper Points,(527)294-2655x6059,Adelaide,Australia
143,Amy Stewart,7323 Alejandro Shores,932-705-5253x56541,East Region,Singapore
144,Deborah Schaefer,0374 Jennifer Station,(552)328-5838x5113,Kazan,Russia
145,Susan Mccall,034 Jeanette Ridges,3609944661,Bangalore,India
146,Tammy Edwards,584 Campbell Inlet,001-494-279-0765x7989,Berlin,Europe
147,Connie Wilson,794 Erickson Village,001-889-961-2753x6229,Sydney,Australia
148,Jeremiah Smith,99551 Gordon Crossing Apt. 206,6218314842,Saint Petersburg,Russia
149,Bobby Andrews,87469 Neal Track,(254)291-4884,Saint Petersburg,Russia
150,Brian Ward,23036 William Lakes Suite 128,001-421-425-2683x1482,Doha,Middle East
151,Maria Valentine,97548 Matthew Gardens,(671)752-3188,Central Region,Singapore
152,Sandra Pierce,236 Lori Hollow Apt. 134,+1-880-921-0746,Kazan,Russia
153,Lindsay Brown,288 Michelle Street,428.559.7054x7319,Dubai,Middle East
154,Cameron Figueroa,5604 Lopez Ridges Apt. 236,(421)290-2789x29991,Melbourne,Australia
155,Benjamin Leonard,498 Rios Canyon Apt. 667,001-912-817-2795x82955,North Region,Singapore
156,Alicia Nelson,7880 Kristine Valleys Apt. 940,222.563.6444,Berlin,Europe
157,Edward Jackson,066 Michael Run,+1-427-248-4399x082,Brisbane,Australia
158,Justin Bailey,595 Roberts Plaza Apt. 354,8002986765,Madrid,Europe
159,Kaitlin Rodriguez,31178 Santos View Apt. 628,208-369-7312x2748,North-East Region,Singapore
160,Jack Harper,51074 Harrell Lodge,+1-271-927-4056x80184,Mumbai,India
161,Ralph Branch,997 Ryan Road Suite 519,+1-351-954-1919x0378,Delhi,India
162,David Chen,9494 Robert Island Apt. 886,433-298-8566,Adelaide,Australia
163,Taylor Hernandez,52528 Benson Knolls,+1-758-203-0555x23479,Bangalore,India
164,Thomas Maddox,919 Fletcher Road Suite 518,+1-948-769-0345x3608,Rome,Europe
165,Alan Henderson,1877 Patel Gardens Suite 035,9579910885,Paris,Europe
166,John Gilbert,02511 Karen Motorway Suite 918,732-822-0485x246,Brisbane,Australia
167,Michaela Jones,0670 Stephanie Junctions Apt. 735,(567)858-3424x21978,Dubai,Middle East
168,Keith Allen,4841 Christopher Mountain,821-803-6342x4105,Adelaide,Australia
169,Brianna Yang,10650 Carly Stravenue Apt. 640,(522)514-5030x914,Chennai,India
170,Emma Avila,5662 Cardenas Cape,001-325-285-3165x61893,Novosibirsk,Russia
171,Mary Fox,609 Kaitlyn Track Suite 056,+1-552-698-5617x203,East Region,Singapore
172,Sara Brandt,68110 Brooks Greens,528.730.3766,Moscow,Russia
173,Rachel Sharp,95186 Tyler Drive,845-392-8415,Doha,Middle East
174,Tina Orozco,843 Shelby Path Suite 649,(303)598-8550x6563,Central Region,Singapore
175,James Douglas,79769 Maria Keys,415-838-6678x378,Mumbai,India
176,Sean Kelly,72714 Eileen Port,+1-570-794-9827x12507,Central Region,Singapore
177,Amber Allen,8763 Walker Plain Apt. 923,245.525.3694,Dubai,Middle East
178,Trevor Beard,23329 Carl Terrace Suite 078,(556)739-5819x20759,Doha,Middle East
179,Michele Jones,2045 Candice Square,647.252.9072x1731,Doha,Middle East
180,Tara Burgess,197 Hoffman Villages,4026910995,Brisbane,Australia
181,Steven Hill,55943 Miller Camp,001-212-782-7323x52459,Melbourne,Australia
182,Lisa Farmer,8588 Cook Loaf Apt. 589,+1-839-345-3524x35324,Kazan,Russia
183,Brittney Escobar,851 Lisa Pine Apt. 239,296-731-3581x31654,Moscow,Russia
184,Linda Hall,2803 Zhang Valley Apt. 952,877.554.8065x86431,Moscow,Russia
185,Pamela Alexander,815 Wilson Roads,(859)758-3739x506,Riyadh,Middle East
186,Sonya Wright,797 Robinson Stravenue,434-250-1743,Brisbane,Australia
187,Derek Ballard,77567 Taylor Forks Suite 096,290.977.3800x4286,Yekaterinburg,Russia
188,Francisco Sanchez,77786 Allen Court,+1-834-205-9928x1463,Madrid,Europe
189,Yvonne Robinson,0488 David Cove,461-742-7651,East Region,Singapore
190,Jennifer Aguilar,555 Bryan Curve Apt. 656,710.616.7096x653,Dubai,Middle East
191,Heather Summers,029 Parrish Centers Suite 973,974.717.5881x924,Central Region,Singapore
192,Tammy King,9560 Alison Row,9737058473,Sydney,Australia
193,Cynthia Gross,82159 Bernard Branch Suite 153,001-614-231-5589,West Region,Singapore
194,Andrew Christian,6199 Cesar Terrace Apt. 042,666.499.5474,Brisbane,Australia
195,Rhonda Diaz PhD,0188 Nicole Well,(924)448-5595,Brisbane,Australia
196,Mr. Jon Macdonald,5458 Sullivan Walks Suite 404,(569)694-1096x186,Abu Dhabi,Middle East
197,Daniel Lane,505 Dean Route Apt. 625,001-336-343-8055x02920,Yekaterinburg,Russia
198,Michael Gallagher,748 Mckay Pine Suite 924,(481)856-4433x29234,Delhi,India
199,Maxwell Dixon,568 William Drive,4177889478,North-East Region,Singapore
200,Brenda James,747 Mills Roads Suite 174,(549)431-5986x7792,Rome,Europe
201,Steven Jefferson,5299 Billy Junctions,918-212-7456,Perth,Australia
202,James Williams,43442 Michael Spur Suite 673,737-249-1960,Paris,Europe
203,Dr. Roger Berry,18811 Debbie Mews Suite 333,+1-838-374-9039,Novosibirsk,Russia
204,Michael Lamb,175 Bennett Spur Apt. 409,001-396-547-1290,Muscat,Middle East
205,April Griffin,930 Charles Glen Suite 361,219.538.1612,West Region,Singapore
206,Krystal Peters,0330 Livingston Squares,777-516-3804,Dubai,Middle East
207,Evelyn Morgan,5094 Ruth Ford,001-545-371-0258x28479,Adelaide,Australia
208,Paul Tucker,023 Leah Ferry Apt. 827,001-459-922-0426x692,Mumbai,India
209,Charles Sanchez,7549 Gina Plains,6084092417,Berlin,Europe
210,Crystal Martinez,247 Timothy Crest Apt. 922,478-527-1845,Muscat,Middle East
211,Jennifer Skinner,5898 Thompson Throughway,394.255.8099x384,London,Europe
212,Chelsea Graves,04064 Cody Plaza Apt. 158,6428960030,Abu Dhabi,Middle East
213,Gary Cook,565 Stevens Cliff Suite 493,5137370200,Riyadh,Middle East
214,Sabrina Noble,59724 Elizabeth Pass,+1-544-678-5110x497,Melbourne,Australia
215,Philip Jackson,4761 Stafford Gardens,336.938.4902x4784,Perth,Australia
216,Joseph Stanley,67291 Cain Shoal,999-612-4149,Yekaterinburg,Russia
217,Stephanie Moore,032 Booker Overpass Suite 021,001-399-409-8315,North-East Region,Singapore
218,Anne Wilson,982 Leach Fort Suite 458,587.268.6515,Novosibirsk,Russia
219,Joshua Brown,358 Dillon Burg Apt. 538,(969)561-7126,West Region,Singapore
220,Zachary Rogers,0334 Moore Bypass,(338)648-8578,Central Region,Singapore
221,Jason Woods,167 Nunez Spur,964-292-6301,Yekaterinburg,Russia
222,Taylor Jackson,391 Ortiz Fort Suite 335,(507)326-6918,Bangalore,India
223,Preston Robinson,16760 Melinda Views,+1-541-745-4990,Sydney,Australia
224,Tony Rivera,4786 Tiffany Cliff Apt. 462,+1-970-350-6721,Mumbai,India
225,Michael Smith,60807 Jessica Mall,(802)696-1033,Brisbane,Australia
226,Kathy Anderson,7976 Hanson Estates Suite 306,4163091041,Melbourne,Australia
227,Anthony Maynard,8463 Tristan Tunnel Apt. 955,001-471-744-8787x116,Mumbai,India
228,Peter Swanson,28525 Timothy Inlet,488-278-9826,Rome,Europe
229,Diana Bowen,0513 Angela Heights Suite 636,+1-234-642-6207x22014,North Region,Singapore
230,Michael Pineda,652 Karen Motorway,+1-461-865-4409x0697,Yekaterinburg,Russia
231,Thomas Blair,12775 Li Isle,001-308-822-9848x213,Yekaterinburg,Russia
232,Jordan Dixon MD,396 Elizabeth Station Suite 573,512-223-1945,Moscow,Russia
233,Angela Gomez,3706 Williams Fort Suite 681,904.281.6581,Mumbai,India
234,Patricia Berg,3730 Michael Islands Suite 385,+1-615-421-6043x73623,Chennai,India
235,Charles Stewart,3092 Kathryn Ridges,758-888-0631,Mumbai,India
236,Nicole Martin,26167 Jones Spring Suite 128,893-567-8965x16182,Yekaterinburg,Russia
237,Suzanne Olson,29141 Nicholas Summit,+1-257-638-5849x37873,Abu Dhabi,Middle East
238,Amber Lara,00745 Sierra Lakes,(298)399-5194,London,Europe
239,Natalie Pineda,527 Kelly Ford Suite 311,+1-347-226-2596x2170,Melbourne,Australia
240,John Patrick,3020 Juan Brook Apt. 707,(699)360-6928,Riyadh,Middle East
241,David Griffith,2099 Rios Mountains Apt. 778,919-407-3124x33145,Sydney,Australia
242,Paul Clark,48292 Williams Pike,+1-422-505-6809x66637,Novosibirsk,Russia
243,John Reese,43554 Michael Garden Suite 935,249-279-1706x151,Melbourne,Australia
244,Cameron Rios,40726 Scott Way,590.628.4304x02265,North-East Region,Singapore
245,Jeffrey Chapman,62499 Murray Rapid,(762)832-9856,Mumbai,India
246,Mrs. Elizabeth Guzman,35208 Johnson Rue,+1-595-486-1930,West Region,Singapore
247,Jodi Lara,101 John Greens,2875923412,Mumbai,India
248,Gary Carter,67116 Johnson Plains,876-562-0074x91856,Madrid,Europe
249,Mrs. Jodi Hanson,27170 Michael Springs Apt. 656,718-224-3454x538,Adelaide,Australia
250,Anthony Ramos,770 Sabrina Glens Suite 409,(805)298-4008,Madrid,Europe
251,Timothy Miller,376 Michael Lock Apt. 061,+1-311-486-8669x788,Yekaterinburg,Russia
252,Daniel Phillips,7406 Carlson Divide,462.306.0652,Bangalore,India
253,Sarah Ramirez,49738 David Point,(283)313-2312,Chennai,India
254,David Warren,208 Linda Shoals,239-786-0245x135,Dubai,Middle East
255,Robin Hernandez,5758 Jose Field,001-214-634-9155x1474,Rome,Europe
256,Sarah Campos,01060 Koch Lodge Suite 790,441.407.7652x1765,Yekaterinburg,Russia
257,Donald Warren,69698 Wright Plaza Suite 322,(374)269-9720,Bangalore,India
258,Matthew Rojas,5704 Savannah Squares Apt. 235,(431)403-8194x01594,Novosibirsk,Russia
259,Charles Herring,8879 Roberts Club,521.690.7689x204,West Region,Singapore
260,Levi Rivera,17982 Chelsea Rapids Apt. 832,893-781-5220x744,Bangalore,India
261,Larry Goodman,32384 Gray Islands,001-573-855-5206x30389,Kazan,Russia
262,Katrina Andrade,45498 Chad Crest,216.846.7714x29233,Kolkata,India
263,Charles Lane,37490 Boyer Ridge,001-608-241-6651x19890,Delhi,India
264,Michelle Brown,6948 Kelly Island,882-515-0201x12335,Dubai,Middle East
265,Michael Ramirez,99702 Thomas Corner Suite 810,454-960-6034,Muscat,Middle East
266,Christopher Phillips,7121 Amy Point,215-701-3922x8016,North-East Region,Singapore
267,Jonathon Clay,72966 Tiffany Meadow,5235389204,Dubai,Middle East
268,Janice Davis,8021 Miller Gardens Suite 116,001-371-806-3853x86597,Muscat,Middle East
269,Luke Koch,1605 Mark Roads Apt. 503,584-378-8036x90951,Kolkata,India
270,Jessica Jarvis,577 Steven Shoals,313.517.2425,Muscat,Middle East
271,Zachary Brown,7174 Cynthia Street Apt. 805,(262)243-2635x2474,Bangalore,India
272,Matthew Obrien,69084 Mosley Street Suite 693,380-236-5124x106,Abu Dhabi,Middle East
273,Shannon Johnson,440 Moore Brook,608.948.9834x3620,Dubai,Middle East
274,Thomas Leblanc,51335 Jennifer Hills Suite 297,+1-962-295-0940x954,Mumbai,India
275,Jessica Gross,6871 Edgar Streets,541.895.1535x10800,Delhi,India
276,April Archer,8170 Robinson Point,556-766-7525,Doha,Middle East
277,Benjamin Luna,81787 Ann Fall,397-271-3718,Brisbane,Australia
278,Dustin Manning,1518 Gary Island Suite 908,(641)281-6654x57331,Brisbane,Australia
279,Richard Torres,979 Charles View Suite 873,(368)889-1088x967,Paris,Europe
280,Hannah Jenkins,98391 Brooks Isle,+1-483-372-6624x1213,North Region,Singapore
281,Fernando Garcia,52956 Fernandez Prairie,001-298-748-9445x87727,Saint Petersburg,Russia
282,Natasha Vazquez,8828 Torres Branch Apt. 220,7926456550,Yekaterinburg,Russia
283,Gloria Sandoval,8064 Kristin Land,(535)499-8434x411,Moscow,Russia
284,Gregory Ellis,78082 Tanya Run Suite 870,3879071863,Perth,Australia
285,George Caldwell,74771 Martin Ramp Suite 637,343.943.0966x96021,Sydney,Australia
286,Jillian Schwartz,8873 Melissa Isle Suite 349,001-806-294-9434x272,North-East Region,Singapore
287,Philip Bishop,387 Perry Throughway Apt. 895,559-886-3084,Delhi,India
288,Cheryl Gomez,433 Allen Cove Apt. 047,001-605-946-3376,Dubai,Middle East
289,Evan Turner,3567 Rachel Crescent Suite 745,001-647-982-2427,East Region,Singapore
290,Robert Williams,07390 Renee Dam,395.288.8064x27172,Madrid,Europe
291,Melissa Woodard,84073 Anthony Trace Apt. 545,502-565-3690x350,Bangalore,India
292,Julie Watson,456 Brown Estates,348.400.5847x13611,Doha,Middle East
293,Heather Robinson,8059 Willis Manors,(274)440-8749,North Region,Singapore
294,Nancy Jones,91669 Jeffrey Camp Suite 918,+1-471-306-8090x67198,Berlin,Europe
295,Katelyn Kramer,2386 Richards Shoal Apt. 052,6253031773,Madrid,Europe
296,Michael Long,3748 Gutierrez Inlet,861.659.8349x26326,Moscow,Russia
297,Scott Jones,76555 Ashley Shoals Apt. 130,6234497881,Kazan,Russia
298,Tyler Clarke,061 Lisa Squares,470-309-8611x2883,West Region,Singapore
299,Amanda Gibson,94951 Paul Lane,728-507-5322x84683,Dubai,Middle East
300,Brooke Knox,77525 Haney Harbors Apt. 143,+1-637-365-5774x4550,Perth,Australia
301,Amy Ramirez,565 Erika Mission,001-413-569-8034,Berlin,Europe
302,Juan Davis,942 Austin Port Apt. 951,001-585-214-2145,London,Europe
303,Sherry Cross,24564 Samantha Track,317.871.2888,Chennai,India
304,Miss Paula Gonzales,1056 Baker Tunnel Apt. 770,898.889.3990x24170,North Region,Singapore
305,Eddie Obrien,15910 Michelle Summit,001-294-675-1525x772,Bangalore,India
306,Robert Thomas,08034 Maynard Turnpike,001-950-931-5370x6905,North Region,Singapore
307,Allison Medina,89510 Diana Island,349-799-9260x0216,Muscat,Middle East
308,Taylor Jones,496 Jeffrey Crossing,001-597-356-3906x43835,Melbourne,Australia
309,Michael Evans,51142 Jennifer Springs Suite 439,360-213-3848,West Region,Singapore
310,Corey Phillips,4824 Kyle Lock Apt. 852,001-747-984-7530,Perth,Australia
311,Connor Baird,1217 Victoria Plain,793-827-3655x514,Madrid,Europe
312,Ryan Smith,037 Higgins Village,(302)699-9278,Melbourne,Australia
313,Jason Castillo,3952 April Station,+1-380-471-1194x500,Paris,Europe
314,Cody Rodriguez,3955 Case Centers Apt. 549,851-562-5053,Rome,Europe
315,Tammy Pierce,531 Moore Neck Suite 358,211-577-3920,West Region,Singapore
316,Cristian Hurst,5163 Gregory Road,001-286-473-2406x21973,Riyadh,Middle East
317,Greg Oliver,52853 Charlene Rue Apt. 264,(457)482-1995x081,Muscat,Middle East
318,Morgan Wolf,901 Thomas Village,318-550-0753x4819,Rome,Europe
319,Caitlin Hernandez,515 Melinda Square Apt. 264,612-291-9962x318,Central Region,Singapore
320,Sharon Jones,585 Megan Mount,820-299-5124x890,Kazan,Russia
321,Zachary Roberts,2004 Brock Motorway Suite 530,7093986285,Bangalore,India
322,Kimberly Lee,35733 Alexander Common Apt. 633,(582)790-8974x446,North-East Region,Singapore
323,Laura Turner,669 Lane Orchard Apt. 189,5288771297,Novosibirsk,Russia
324,Jessica Campbell,7681 Oconnor Walk Apt. 140,001-206-336-2109x682,East Region,Singapore
325,Connor White,811 Webb Ridges,001-357-239-4091x120,Riyadh,Middle East
326,Nicole Brown,03437 Smith Centers,001-650-590-2729x10518,Kolkata,India
327,Matthew Miller,894 Patrick Center Apt. 233,+1-891-214-0791x05595,Bangalore,India
328,Sherry Jennings,22446 Tamara Keys,337.742.2156x798,Adelaide,Australia
329,Pamela Morgan,908 Rowe Forest Suite 780,905-783-9573x866,Madrid,Europe
330,Michelle Morales,73355 Miller Lodge,+1-953-351-5330x625,Central Region,Singapore
331,Susan Conway,38362 Harris Hill,001-227-227-7847x889,West Region,Singapore
332,Erin Gomez,89721 Jacobs Pines,457.366.5714,Chennai,India
333,Chad Roberson,47412 Alexandra Mission Apt. 869,(800)929-4219,Kolkata,India
334,Tamara Simmons,53642 Katrina Crest Suite 669,579.775.0499,Chennai,India
335,Robert Rodriguez,043 James Road,204.634.8814,East Region,Singapore
336,Elizabeth Schneider,46730 Patricia Gateway,+1-364-499-7699x4212,Kolkata,India
337,Christopher Carr,858 Kelley Bridge Apt. 674,738-381-8883,Melbourne,Australia
338,Stephanie Evans,9008 Denise Tunnel,2325164146,Melbourne,Australia
339,Adam Wilson,77375 Anthony Flat,001-855-685-3251x553,Paris,Europe
340,Juan Cohen,261 Jensen Crossing,651.306.8655x2830,Central Region,Singapore
341,Patrick Jones,25761 Kathleen Pines,539.832.5598x87744,Madrid,Europe
342,Jon Cox,8741 Martinez Vista,001-541-269-3529x8874,Moscow,Russia
343,Daniel Deleon,048 Hernandez Islands,316.665.4990x4552,Dubai,Middle East
344,Carolyn Murphy,9882 Harper Canyon,683-713-5084x41917,Muscat,Middle East
345,Fred Bell,255 Terri Cliff Apt. 677,433-388-9434x05046,Delhi,India
346,Paula Mann,21628 Williams Alley,+1-679-845-5145x12472,Madrid,Europe
347,Eric Johnson,42198 Hart Streets,(262)727-6284x659,Kolkata,India
348,Pamela Ramirez,4788 Buchanan Highway Suite 463,(926)410-8248x63984,North Region,Singapore
349,Heather Harper,485 Kelly Land,+1-983-847-9421x7664,Delhi,India
350,Samantha Pierce,5832 Watkins Islands Apt. 954,(278)289-1391,Brisbane,Australia
351,Gabriella Levy,91924 Avery Squares Suite 883,001-309-784-2198x4646,Bangalore,India
352,Jared Flowers,856 Deanna Rue,553.468.5347x7749,Rome,Europe
353,Lisa Watson,7832 Jones Squares,677.688.0768,North-East Region,Singapore
354,Jose Perez DVM,3397 Eric Fields Apt. 641,(323)869-2692x9369,Perth,Australia
355,Steve Shea,19277 Hall Circle Suite 882,001-752-660-7337x808,Novosibirsk,Russia
356,Zachary Matthews,42456 Stacy Club Apt. 231,393-502-9114x5775,Sydney,Australia
357,Breanna Williams,4714 Shannon Harbors Apt. 488,8257574532,North-East Region,Singapore
358,Vanessa Adams,14931 Glover Stream,(794)536-4431x969,Doha,Middle East
359,Sara Webster,5227 Kimberly Pines Suite 264,(481)725-7333x918,Sydney,Australia
360,Ryan Jones,3773 Ann Lodge,(599)608-9061,North Region,Singapore
361,Karen Conley,440 Evans Mills Apt. 503,9203828903,Dubai,Middle East
362,Kevin Duke,6716 Kara Plaza Suite 958,+1-226-786-1891x76121,Riyadh,Middle East
363,Jessica Martinez DDS,7923 Stevens Crossroad Apt. 895,4748210771,Chennai,India
364,Omar Walker,52015 Lyons Ford Apt. 033,(938)679-6148x2652,Kazan,Russia
365,Katie Mcmahon,44208 Williamson Ways,+1-573-832-1583x20548,Kolkata,India
366,Steven Yu,16917 Aaron Village Suite 616,314-212-6662x768,Rome,Europe
367,Phillip Nolan,832 Kristen Avenue,001-736-565-2895x17974,Delhi,India
368,Hannah Greene,1050 Williams Junction,(909)753-8507,Novosibirsk,Russia
369,Rebecca Jordan,8313 Melendez Trace Suite 597,6045082559,Kolkata,India
370,Jack Murphy,6080 West Greens,905-568-1283,Dubai,Middle East
371,Wesley Velasquez,748 April Bridge Suite 937,593.538.3863,Rome,Europe
372,James Robertson,06802 Katherine Camp,830-602-5860x0077,Riyadh,Middle East
373,Cassandra Hunt,27306 Cowan Keys,001-461-742-4092,Muscat,Middle East
374,Heidi Spears,288 Beck Lakes Apt. 983,579-222-1414,North-East Region,Singapore
375,Eric Robinson,210 Nguyen Islands,291.825.9370,Rome,Europe
376,Jason Butler,6734 Joseph Brooks Suite 485,5802653927,Melbourne,Australia
377,Kimberly Pacheco,35342 Powell Ville Apt. 564,+1-696-892-2509x3645,Melbourne,Australia
378,Chelsea Johnston,434 Jacobson Pines Suite 929,(364)903-9354,Novosibirsk,Russia
379,Catherine Taylor,48905 Mark Mountains,001-773-408-9112,East Region,Singapore
380,Richard Garrison,42153 Marc Plains,(445)966-8006x13847,Berlin,Europe
381,Mackenzie Kelly,925 Corey Causeway,3549699171,Sydney,Australia
382,Sarah Snyder,33003 Fox Court,250.646.1963,Perth,Australia
383,Sydney Jones,42324 Hannah Center Apt. 617,913.645.7815,Dubai,Middle East
384,Nancy Thompson,67770 Cook Camp Suite 057,606.216.7298x848,Berlin,Europe
385,Nancy Sanchez,70636 Melinda View,648-303-2333x58793,Doha,Middle East
386,Brian Bennett,8851 Justin Well,(919)529-2697,Central Region,Singapore
387,Kayla Hill,01387 Charles Estate,814.591.0734x86055,Mumbai,India
388,Robert Rodriguez,96564 William Mountains Apt. 064,(285)989-1153x4758,Mumbai,India
389,Kevin Jordan,4808 Downs Mountains Suite 809,651-412-7382x72255,Saint Petersburg,Russia
390,Amy Hernandez,82735 Michael Isle Apt. 500,789.247.5728x739,Madrid,Europe
391,William Gilbert,997 Gregory Roads Suite 226,(932)539-5263x14557,Mumbai,India
392,Paul Walker,5077 Larry Valleys Apt. 241,001-308-557-6542x04378,West Region,Singapore
393,Jonathan Ritter,187 Patel Alley,465.733.6930,Mumbai,India
394,Mark Pollard,71503 Le Roads,5457902512,Moscow,Russia
395,Ashley Carter,5005 Edward Wells Suite 090,985-729-6404x763,Mumbai,India
396,Tara Garcia,025 Ward Crossing,+1-625-666-2489x924,Abu Dhabi,Middle East
397,Raven Hernandez,99544 Mcconnell Mission Apt. 455,001-616-256-8126x9778,North-East Region,Singapore
398,Michael Elliott,32889 Barbara Hills,(998)894-8214x0149,Madrid,Europe
399,Adrian Lopez,13053 Larry Plaza Suite 292,+1-259-750-5333x067,Melbourne,Australia
400,Dr. Susan Rogers DDS,66725 Clinton Corners,(433)467-5732x347,Abu Dhabi,Middle East
401,Jesse Guerrero Jr.,8864 Brittany Drives Apt. 419,264-274-0097x899,Rome,Europe
402,Maria Brown,576 Cohen Alley Suite 241,723.288.3765x7198,Perth,Australia
403,Tim Williams,263 Thompson Fields Apt. 979,(890)850-2589,London,Europe
404,Margaret Hughes,4399 Tony Green Suite 048,433.212.1445x8696,Perth,Australia
405,Latoya Smith,3095 Charles Spring Suite 511,+1-817-363-0033x857,Novosibirsk,Russia
406,Joshua Lopez,2827 Fischer Street Apt. 037,+1-697-669-4067x4609,Madrid,Europe
407,Deborah Mahoney,50236 Samuel Junctions,001-453-249-0688x10214,London,Europe
408,Brian Russell,50420 Galloway View Suite 061,588.504.6102x42789,Berlin,Europe
409,Theresa Brown,9514 Lauren Coves,+1-931-795-7146x8847,Yekaterinburg,Russia
410,Jeffrey Maldonado,85574 Montgomery Forges,(437)281-5376x8783,Paris,Europe
411,Danny Cole,391 Michelle Inlet,671.394.4882x76647,North Region,Singapore
412,Shawn Guzman,7441 Christopher Rapid Suite 014,413.268.2615,Kazan,Russia
413,Steven Johnson,89028 Leslie Turnpike,782.756.1576x847,Melbourne,Australia
414,Keith Harris,654 Martinez Isle,676.342.3252,Delhi,India
415,Anna Jarvis,370 Wright Squares,001-685-480-1139x0345,Adelaide,Australia
416,Theresa Martin,876 Allen Gardens Suite 785,6549909488,Berlin,Europe
417,Kathleen Williams,866 Torres Squares,001-385-218-2033x53721,Bangalore,India
418,Travis Rogers,152 Linda Lights Apt. 763,+1-737-951-8695x7807,Paris,Europe
419,Leroy Flores,332 Marcus Glen,794-516-3104,London,Europe
420,Catherine Mckinney,51592 Jose Burg Suite 633,400.361.7910x65297,Sydney,Australia
421,Nicole Ford,71840 Fry Pass,810-910-4759x71640,Perth,Australia
422,Tanya Andrews,4968 Foster Fields Apt. 053,+1-619-376-9970x055,Perth,Australia
423,Jonathan Dawson,84166 Cheryl Pine Suite 999,+1-294-984-7632x3382,Muscat,Middle East
424,Corey Phillips,78765 James Road,451-438-8876x169,Muscat,Middle East
425,Eric Ortiz,0732 Julie Viaduct,303-294-5426,Mumbai,India
426,Leslie Forbes,3790 Crystal Hills Suite 825,+1-822-267-1275,London,Europe
427,Jennifer James,63210 Conway Knoll,(503)951-9477x729,Perth,Australia
428,Rebecca Craig,00122 Miller Pine,822-654-0033x43757,Dubai,Middle East
429,Paul Ortiz,3771 Carol Manor,001-923-469-9984,Kolkata,India
430,Lori Proctor,66374 Daniel Stravenue,811-343-1592x15267,Yekaterinburg,Russia
431,Lisa Glover,05480 Amy Drives,951.307.8514,Central Region,Singapore
432,Hunter Taylor,93630 Harris Cliffs,(359)562-2997x51213,Novosibirsk,Russia
433,Kimberly Lee,7613 Smith River,(345)751-5912x25962,Central Region,Singapore
434,Shawn Cole,868 Keller Isle Apt. 883,001-849-713-4666x6863,Adelaide,Australia
435,Brandon Ortiz,287 Richards Track Suite 426,001-539-456-7388x2943,West Region,Singapore
436,Laura Reeves,6408 Kristy Hill,+1-456-517-5385x752,Yekaterinburg,Russia
437,Terry Rogers,084 Sharp Turnpike Apt. 631,+1-598-763-3236,Muscat,Middle East
438,Joseph Gibson,8975 Jones Valleys Apt. 325,831-298-5636x5806,Mumbai,India
439,Marissa Wood,8882 Robertson Causeway Apt. 882,277.338.7648,Brisbane,Australia
440,Phillip Nelson,337 Johnson Heights Suite 704,(249)825-7714x5506,Madrid,Europe
441,Daniel Jacobs,82077 Paige Forges,815.919.6178,Kazan,Russia
442,David Miller,97817 Ferguson Lights,365-463-0718,Perth,Australia
443,Melinda Jones,5658 Jason Prairie,703.917.6984x759,Bangalore,India
444,Kyle Clark,391 Garcia Gateway,+1-264-534-5839x006,West Region,Singapore
445,Christine Long,5170 Brooks Streets,+1-467-782-2120x395,East Region,Singapore
446,Kevin Henderson,475 Lindsay Ramp Suite 985,305.782.1666x427,North Region,Singapore
447,David Spence,094 Robert Terrace Apt. 516,001-847-219-5498,Yekaterinburg,Russia
448,Audrey Williams,666 Fields Drive,428-926-5208x091,Chennai,India
449,Briana Hickman,57580 Dawn Locks,5955848040,Mumbai,India
450,Kenneth Morgan,28804 Fernandez View Suite 787,+1-746-483-4255x91522,Berlin,Europe
451,Daniel Chan,6626 Smith Parkway,001-444-762-0252x771,West Region,Singapore
452,Karen White,482 Wong Plains,620-406-4685x05386,Sydney,Australia
453,Christopher Simon,3825 Stacey Creek Suite 525,7396100349,Abu Dhabi,Middle East
454,Richard Smith,211 Jenkins Mall Suite 024,3177768269,Bangalore,India
455,Robert Jimenez,4387 Morgan Brooks,+1-253-690-9097x07538,Sydney,Australia
456,Marcus Morales,1407 Hopkins Ramp,(454)609-7881,Dubai,Middle East
457,Lisa Stevenson,16425 Matthew Corners Suite 910,769.502.5327,Riyadh,Middle East
458,Diane Vazquez,0983 Sean Heights Suite 305,001-271-363-9983x335,Mumbai,India
459,Christopher Sanders,8406 Alexis Drive,001-965-450-9049x676,Saint Petersburg,Russia
460,Robert Cohen,7247 Andrew Mall Suite 692,+1-212-549-7778x28446,Chennai,India
461,Caitlin Kelley DVM,694 Adkins Curve Apt. 820,001-422-994-2316x78379,North Region,Singapore
462,Stacey Monroe,48460 Bradshaw Meadow Suite 384,+1-949-966-9650x18633,Central Region,Singapore
463,Patrick Harris,9255 Davis Ranch Suite 594,+1-491-559-9099x599,Kazan,Russia
464,Philip Robbins,185 Buchanan Mews Apt. 531,472-225-3129x669,East Region,Singapore
465,Eric Cross,9043 Johnson Cliffs Suite 416,8005892044,East Region,Singapore
466,Brandon Zimmerman,038 Daniel Court,(733)790-4326x7228,Yekaterinburg,Russia
467,Michael Stewart,6286 Susan Way Suite 235,+1-595-684-6991,Bangalore,India
468,Tracy Collins,24265 Stark Cliff Suite 190,753.456.7932x21674,North Region,Singapore
469,Donna Wise MD,5718 Allen Prairie,001-732-463-9418x16671,Paris,Europe
470,Steven Webb,39412 Townsend Union Apt. 038,753.850.1497x54861,London,Europe
471,Mathew Watts,82454 Lisa Fall Suite 886,673-960-9359x12802,Kolkata,India
472,Mrs. Jenna Gardner,89759 Austin Plains,(827)726-0656,Mumbai,India
473,Rhonda Moore MD,1412 Richard Highway,(575)386-9847,Paris,Europe
474,John Bennett,75613 Brenda Groves,508-743-9071x28531,Paris,Europe
475,Adrian Reed,6601 Amber Trace Suite 116,875.764.8497x1483,Adelaide,Australia
476,Natalie Williams,7303 Lindsey Park Suite 212,251-782-3174,Berlin,Europe
477,Derek Powell,8675 Orozco Fort,(377)638-3709x757,Muscat,Middle East
478,William Torres,74844 Whitney Pines Suite 506,845.301.3075x355,London,Europe
479,Sandra Drake,970 Nicholas Lakes Apt. 542,(386)768-5638x599,Perth,Australia
480,Roger Arias,038 Ana Crest Suite 702,+1-984-772-6598,Kazan,Russia
481,Amy Murray,39717 Karen Wells,587-630-4094x538,Doha,Middle East
482,Sarah Burton,2797 Reynolds Island Suite 754,001-225-978-4075x9693,Brisbane,Australia
483,Janet Schwartz,1999 Jeffrey Station Apt. 133,798-498-5704,Chennai,India
484,Melissa Houston,9795 Evelyn Meadow,+1-780-560-1513x0186,Kazan,Russia
485,Mr. Matthew Evans DDS,7944 Smith Path,001-541-537-3537x3368,Bangalore,India
486,Kelly Adams,95746 Christopher Fort,762-340-1653,Adelaide,Australia
487,Courtney Hernandez,98966 Jennifer Haven,+1-890-252-2499x0697,Melbourne,Australia
488,Daniel Williams,37164 Blackburn Stream,(667)701-8447,Sydney,Australia
489,Katie Cervantes,6183 Clarke Plaza Apt. 427,(377)211-3094,Bangalore,India
490,Jasmine Joseph,8498 Rodriguez Harbors,001-563-265-8781x94753,Muscat,Middle East
491,Dr. Austin Chapman,981 Gregory Stream,(440)316-9400x04630,North-East Region,Singapore
492,Amber Jones,77916 Justin Causeway Suite 833,318-985-4292x593,Paris,Europe
493,William Mason,0885 Alexander Garden,+1-248-420-7027,Saint Petersburg,Russia
494,James Watson,7024 Taylor Locks Suite 378,(380)638-2399,Kolkata,India
495,Theresa Neal,13245 Richardson Plaza Apt. 808,001-256-203-6285,Bangalore,India
496,Gerald West,130 Eric Mews,001-413-366-1277x13216,Muscat,Middle East
497,Carl Stephens,74673 Hooper Ridges Apt. 772,(416)451-6121x78800,Bangalore,India
498,Michael Conrad,4592 Clark Terrace,001-602-241-8972,Sydney,Australia
499,Theresa Rodriguez,0680 Lam Prairie Apt. 110,001-708-361-5202,Riyadh,Middle East
500,Janet Henderson,799 Johnson Islands,845-541-6393x0612,Mumbai,India
501,David Harper,08599 Amanda Avenue Suite 808,+1-952-799-0268x3947,Berlin,Europe
502,Ricky Scott,939 Edwards Shoals Apt. 084,458-779-4148x2626,Perth,Australia
503,Steven Reilly,0576 Billy Fords Apt. 678,001-927-405-7328,Berlin,Europe
504,Brittany Weaver,038 Jesse Ford Suite 018,(835)434-6825x8661,Novosibirsk,Russia
505,Maria Harris,279 James Ports,001-554-436-8893,Moscow,Russia
506,Michael Becker,915 Morris Burgs,+1-461-382-3968,Dubai,Middle East
507,Shane Kelly,1723 Mclean Trace Suite 115,001-851-727-3704x3283,Muscat,Middle East
508,Susan Cook,13795 Thomas Land,(263)852-3100x1936,East Region,Singapore
509,Trevor Paul,366 John Gardens,+1-577-292-3277,Dubai,Middle East
510,Adam Smith,336 Collins Fall,878.872.7858x704,North-East Region,Singapore
511,Mr. Hector Warren,324 Andrade Prairie Suite 393,001-366-606-8654x693,Kazan,Russia
512,William Holder,57231 Zavala Camp,001-914-414-1407x43798,Brisbane,Australia
513,John Miller,1074 Johnson Radial,(429)793-5661x6256,East Region,Singapore
514,Kenneth Reid,72154 Robert Pines Suite 821,915-803-8630,Brisbane,Australia
515,James Stewart,634 Maria Brooks,+1-541-443-3776x87126,East Region,Singapore
516,Kathleen Miller,1257 Anderson Pines,919.626.5220,Riyadh,Middle East
517,Randy Conner,3983 Edward Knoll,978-913-0562,Berlin,Europe
518,Michael Jones,2470 Megan Branch,+1-519-511-5046x334,Abu Dhabi,Middle East
519,Jennifer Vega,2649 Dennis Oval Suite 813,622.589.2413,Yekaterinburg,Russia
520,James Carpenter,0063 Wilson Glen,001-913-899-3599x86046,Abu Dhabi,Middle East
521,William Rice,254 Rebecca Wells,+1-866-855-4002x9910,Melbourne,Australia
522,Megan Hernandez,35725 Singh Pass Suite 621,001-495-697-3195x8284,North-East Region,Singapore
523,Elizabeth Price,632 Patel Course,661-467-9311x157,Perth,Australia
524,Julie Wallace,75890 Reyes Locks Apt. 582,6237811728,Moscow,Russia
525,Diane Williams,07964 Jones Coves,269.762.5192,Dubai,Middle East
526,Donald Pierce,356 Pamela Knolls Suite 697,894-846-3117x0019,Kolkata,India
527,Linda Morales,84155 Katherine Port,(465)245-8241x2564,Adelaide,Australia
528,Jose Potts,085 Matthew Corner,(933)871-6354x30073,Perth,Australia
529,Charles Hanson,76781 James Rue Suite 155,001-369-287-9301x620,Central Region,Singapore
530,Robert Jones,1851 Carol Locks,+1-307-318-5561x006,Delhi,India
531,Joshua Bailey,7114 Ernest Crescent Apt. 884,932-989-4882x3532,Doha,Middle East
532,Pamela Flores,7322 Burch Tunnel Suite 278,(969)897-2475x70119,Novosibirsk,Russia
533,Stephanie Sheppard,73307 Brian Shoal Suite 668,715.922.3957x534,Doha,Middle East
534,Stephen Patton,5751 Wendy Field Apt. 348,360-931-7348x6969,Kolkata,India
535,Bryce Turner,26175 Ian Harbor,001-524-737-4103x310,Saint Petersburg,Russia
536,Dorothy Espinoza,16432 Velasquez Streets Apt. 639,866-642-8687x294,Abu Dhabi,Middle East
537,Mark Frank,54879 Jennifer Falls,+1-590-206-0101x9656,Berlin,Europe
538,Elizabeth Liu,77251 Christopher Extension,305.859.8958x48683,Brisbane,Australia
539,Kimberly Love,513 Edwards Lodge,001-287-377-2440x0522,Doha,Middle East
540,Edward Castro,3983 Sharon Street,674-509-6684,North-East Region,Singapore
541,Desiree Montgomery,571 Jones Crossroad,634-894-2574,West Region,Singapore
542,Christopher Bullock,73105 Cobb Hills,001-866-895-1707,Sydney,Australia
543,Allison Santos,94250 Stephanie Point,469.975.8364x7623,Rome,Europe
544,Linda Shaw,367 Robert Overpass Suite 057,(852)832-6390,Chennai,India
545,Zachary Blair,730 Tammy Corner,346.905.7289x8705,Riyadh,Middle East
546,Ms. Katherine Acosta,4378 Rodriguez Via,(994)969-9721x1825,Abu Dhabi,Middle East
547,Laurie Bowers,06277 Sarah Burgs,912-833-2981x97389,Paris,Europe
548,Holly Coffey,35996 Elizabeth River Apt. 754,+1-563-302-8007x54343,Yekaterinburg,Russia
549,Linda Johnson,27290 Smith Wells Suite 119,001-992-641-3940,East Region,Singapore
550,Eugene Gonzalez,695 Joel Highway Suite 893,794.988.1907x9601,Sydney,Australia
551,Mary Vasquez,3342 Miller Square,317-760-9983,London,Europe
552,Benjamin Walker,57980 Dougherty Flats,001-448-427-6954x1408,Adelaide,Australia
553,Jacob West,5487 Jeremy Keys,001-850-482-2348x340,Paris,Europe
554,Patricia Jones,734 Ramirez Parkway Apt. 820,+1-411-605-5475x292,Novosibirsk,Russia
555,Tamara Blair,8931 Deleon Plain,395-801-8967,Kolkata,India
556,Michael Adams,61807 Andrew Brook,(520)294-9292x20400,Chennai,India
557,Terry Watts,51055 Thomas Tunnel Suite 059,754.853.2208,Central Region,Singapore
558,Michael Garrett,6391 Elizabeth Station,+1-514-670-3750x6936,North Region,Singapore
559,Alison Roach,646 Noah Garden Suite 280,(284)368-7609x00175,Mumbai,India
560,Brent Harris,8588 Boyd Tunnel,+1-942-712-3975x7849,West Region,Singapore
561,Teresa Mccormick,878 Pierce Islands,+1-361-636-1430,London,Europe
562,Raymond Zimmerman,6149 Christian Roads,823.507.5743x41260,Melbourne,Australia
563,Tracy Flores,91272 Justin Park Suite 982,001-647-430-7354x34229,Chennai,India
564,Andrea Brooks,2174 Lawrence Plain,(285)267-3131x3961,Yekaterinburg,Russia
565,Kevin Lawrence,2902 William Bypass Suite 453,877.589.1861,Riyadh,Middle East
566,James Mccullough,6714 Angel Prairie Suite 492,3252325414,Yekaterinburg,Russia
567,Michael Snow,13624 Ibarra Vista Apt. 081,(882)784-1651,Kolkata,India
568,Miss Betty Cortez,4606 Mcguire Courts,857.956.2788x0129,Doha,Middle East
569,Gary Kemp,05704 Antonio Course,252-417-0234x7117,Perth,Australia
570,Dean Hurley,20995 Bailey Unions Suite 259,(627)589-7874x346,Saint Petersburg,Russia
571,Robert Stanley,7492 Hill Prairie,461-616-6085x4699,Abu Dhabi,Middle East
572,Carrie Reynolds,470 Hensley View Apt. 313,001-304-507-6937x8550,Paris,Europe
573,Brett Rogers,014 Cindy Trail Apt. 650,(585)448-7918,Riyadh,Middle East
574,Kelsey Soto,20019 Garza Walk Suite 031,(958)322-4893x624,Central Region,Singapore
575,Sandra Robertson,9911 Amanda Lane Apt. 602,+1-368-461-3519,Brisbane,Australia
576,Brittany Shepherd,11956 Lamb Point,(691)708-7848x52031,Central Region,Singapore
577,Jose Porter,30122 Martinez Landing Suite 662,6976288683,Dubai,Middle East
578,Rebecca Boyer,9521 Wallace Island,666-861-6707x494,Moscow,Russia
579,Randall Downs,643 Robert Summit,(273)715-7131x430,Sydney,Australia
580,Rick Wood,407 Tiffany Forest Suite 851,(900)914-4842,Brisbane,Australia
581,Michael Perez,459 Dennis Cove,442.620.4853x46989,Kolkata,India
582,Elizabeth Adams,2395 Alexis Isle Apt. 445,723.456.1111,Madrid,Europe
583,James Hunt,547 Rebecca Camp,001-488-379-5209x89630,Melbourne,Australia
584,Bryan Davis,20297 Jones Gateway Suite 313,964-589-2660x187,Riyadh,Middle East
585,Steve Humphrey,39410 Nicholas Trail Suite 172,354.979.2271,Central Region,Singapore
586,Dr. Jerome Parker Jr.,37867 Allison Way Apt. 568,(296)830-1464x630,Central Region,Singapore
587,Judy Perez,46228 Gonzalez Roads,318.348.7580x56170,Brisbane,Australia
588,Anna Perez,21376 Yesenia Trail Suite 203,(595)546-7032,Perth,Australia
589,Marissa Garrett,604 Murphy Shoals Suite 176,001-905-776-8230x5018,Sydney,Australia
590,Jamie Bennett,3527 Stephanie Harbors Suite 301,+1-494-583-0483,Novosibirsk,Russia
591,Peggy Morales,59112 Wilson Mountain,+1-594-828-6743x3258,Central Region,Singapore
592,Catherine Prince,501 Lowe Ranch Suite 796,001-289-483-4315x88367,Novosibirsk,Russia
593,Jessica Rodriguez,764 Susan Drive,474.479.7042x80242,Sydney,Australia
594,William Clark,710 Christopher Street,001-374-978-5717x14575,Bangalore,India
595,Matthew Hall,553 Riddle Throughway Suite 592,357.905.4352,Sydney,Australia
596,Kaitlin Mitchell,647 Mcdonald Well,405.695.7121,Doha,Middle East
597,Cory Young,7809 Garcia Islands,(728)339-5447x10515,Berlin,Europe
598,Brandon Lawrence,703 Sarah Springs,(335)395-4635,Moscow,Russia
599,Amanda Williams,26957 Yvonne Flat Suite 844,001-203-397-7697x00830,Sydney,Australia
600,Charlotte Fisher,35603 Chavez Mount,2155789453,North-East Region,Singapore
601,Mark Contreras,3928 Michael Fields,001-229-610-6438,North-East Region,Singapore
602,Cynthia Patrick,345 Yesenia Isle Apt. 468,(254)616-5404x987,Madrid,Europe
603,Richard Murphy,2486 Vasquez Skyway Suite 706,+1-276-514-7037x486,Kazan,Russia
604,Tanner Perez,74496 Angela Burg Apt. 927,(342)874-6340x0370,Abu Dhabi,Middle East
605,Carmen Kline,391 Mary Field,001-810-859-3816,Sydney,Australia
606,April White,92313 Ferguson Common,731-432-1278,Melbourne,Australia
607,Jeremy Carlson,628 Vargas Terrace,4422797763,Riyadh,Middle East
608,Stephanie Cummings,27093 Savannah Cliff Suite 316,586-253-7491,Brisbane,Australia
609,Sarah Moreno,64362 Long Tunnel,589.504.0273x36941,North Region,Singapore
610,Samantha Lane,727 Parsons Fords Apt. 100,7986368827,Riyadh,Middle East
611,Matthew Smith,3082 Dustin Garden,+1-470-250-7493x5960,Novosibirsk,Russia
612,Cesar Fletcher,6710 Chris Overpass Suite 444,001-661-442-8378x8874,East Region,Singapore
613,Betty Brown,5645 Gonzalez Mews Suite 572,549-686-8546x6118,Paris,Europe
614,Mr. Ryan Cantrell,151 Gary Heights,380-947-0920x039,East Region,Singapore
615,Jasmine Macdonald,750 Greene Walk Apt. 910,602.248.5698x1074,Riyadh,Middle East
616,Brenda Boyd,55058 Wallace Skyway,(810)595-2829,Brisbane,Australia
617,David White,912 Thomas Spur,001-701-912-2250x9090,Paris,Europe
618,Harold Fuentes,2673 Lopez Pike Apt. 451,355.240.0182,Paris,Europe
619,Misty Gould,21212 Willis Crossroad Suite 186,997-767-1079x89231,Mumbai,India
620,Lori Reid,50654 Paula Glen Suite 566,001-471-650-7113x8897,North-East Region,Singapore
621,Jorge Smith,47729 Griffin Wells Apt. 692,001-341-654-7851x9584,Central Region,Singapore
622,Samantha Bryant,873 Harris Crossing Apt. 852,776-424-6448,Rome,Europe
623,Austin Turner,43693 Atkins Heights,(369)768-3064x39396,West Region,Singapore
624,Dana Fuller,33690 Rocha Fall Suite 892,277.603.2626x47501,West Region,Singapore
625,Aimee Vazquez,7544 Steve Plains,(639)864-7012,Berlin,Europe
626,Tony Garcia,666 Dodson Circle Suite 602,001-872-511-5615,Central Region,Singapore
627,Linda Frost,59482 Anthony Spring,001-656-457-8193,Kazan,Russia
628,Patrick Walker,6822 Kimberly Ford,9566770635,Yekaterinburg,Russia
629,Stephen Zimmerman,831 Patricia Station Apt. 384,444-306-6086,Sydney,Australia
630,Kevin Butler,5396 Garrett Drives,995.329.5772x569,Brisbane,Australia
631,Julie Ruiz,8746 Jeremy Curve Suite 447,995.815.6923x72598,East Region,Singapore
632,Gregory Gonzalez,098 Stephanie Common,+1-818-436-5544,Moscow,Russia
633,Jennifer Martin,49246 Johnson Curve Suite 966,(865)299-0879,Chennai,India
634,Trevor Ray,130 Christine Villages Suite 134,001-567-225-8383x682,Kazan,Russia
635,Vicki Clark,535 Sarah Loaf Suite 988,(631)756-1713,Perth,Australia
636,Cynthia Hernandez,36818 Stanley Underpass,616-957-1203,Chennai,India
637,Alexis Sherman,585 Carlos Place Apt. 907,487-259-4132,Paris,Europe
638,Marcus Jordan,5514 Williams Ports,8298703482,East Region,Singapore
639,Tim Cooper,41434 Dennis Ridges Suite 024,3807546965,Chennai,India
640,Lisa Walton,69965 Lee Mall,+1-539-574-1055,Berlin,Europe
641,Jeffery Watson,169 Gerald Corners,+1-932-408-3593x404,Adelaide,Australia
642,Samantha Craig,145 Amanda Mount Suite 967,381.891.1443x6075,Central Region,Singapore
643,Sarah Welch,97591 Smith Orchard Suite 319,202-548-1290,Mumbai,India
644,Kevin Walton,2520 Nolan Expressway,001-202-808-1176x73720,Muscat,Middle East
645,David Waters,6804 Peter Stravenue,3169821118,Riyadh,Middle East
646,Jonathan Warren,69191 Martin Squares Apt. 299,+1-866-805-7429x04059,Dubai,Middle East
647,Misty Alvarado,9722 Yolanda Pines Apt. 452,001-544-568-7108,Dubai,Middle East
648,Marcia Hill,3976 Karen Union,349-959-2000x017,Muscat,Middle East
649,Amanda White,72301 Haley Forest,430-556-9324,North Region,Singapore
650,Matthew Lopez,06427 Mary Dam Suite 928,001-284-341-2643,Paris,Europe
651,Melissa Wilson,526 Christina Highway Suite 778,+1-382-368-7928x665,Novosibirsk,Russia
652,Kyle Lee,7255 Marilyn Way,351.562.2665,Paris,Europe
653,Lori Edwards,5612 Kelly Forges Suite 892,300.384.7410x716,North-East Region,Singapore
654,Matthew West,460 Miller Centers Suite 676,543.995.0562x3884,Riyadh,Middle East
655,Edward Walker,39937 Aaron Port,(550)420-6700,Melbourne,Australia
656,Luis Vazquez,3371 Gregory Corner Apt. 423,001-395-881-1670x837,London,Europe
657,Alyssa Mitchell,119 Novak Rest Apt. 868,001-892-332-6610,West Region,Singapore
658,Susan Ramos,736 Brittany Glen Apt. 405,231.794.2582,Paris,Europe
659,Kurt Smith,228 Seth Rest Suite 811,+1-818-904-6202x429,West Region,Singapore
660,Karen Lewis,7335 Davis Unions Apt. 058,+1-504-404-7058x17613,Yekaterinburg,Russia
661,Mrs. Theresa Logan,06533 Cox Dam Apt. 094,9123971202,Mumbai,India
662,Lindsey Jackson,4812 Parks Summit Apt. 033,416.741.2399,West Region,Singapore
663,Molly Hunter,3295 Kayla Loaf Suite 921,318.931.7076,Madrid,Europe
664,Timothy Zhang,1268 Bowers Street,944-304-6284x476,Mumbai,India
665,Sharon Daniels,031 Sheri Centers,(767)959-8933x1341,Perth,Australia
666,Matthew Armstrong,61594 Angela Crest Suite 640,414-710-7962x24020,Central Region,Singapore
667,Donna Cain,961 Heather Summit,(625)492-1470,Melbourne,Australia
668,Taylor Thomas,481 Sandra Mountains Suite 879,670-584-9670,Melbourne,Australia
669,Ryan Martin,2641 Danielle Key,253-482-0145x159,Rome,Europe
670,Henry Ortiz,20291 Shawn Locks,(289)828-8399x20191,Sydney,Australia
671,Patrick Hunter,093 Harrington Well,+1-857-388-4281x870,Yekaterinburg,Russia
672,Debbie Garcia,33214 Shane Pines Apt. 069,(373)288-4962x306,Bangalore,India
673,Maria Smith,4801 Adrian Ports Suite 273,+1-821-445-8655x23421,London,Europe
674,Tyler Duncan,71637 Christine Gardens,(682)216-9743x4147,Delhi,India
675,Brandi Romero,029 Riley Garden Apt. 299,+1-785-967-3315x73477,Yekaterinburg,Russia
676,Charles Stone,40458 Parsons Harbors,+1-912-696-7997x59683,Moscow,Russia
677,Zachary Obrien,798 Nguyen Cliffs,468-570-7247,Chennai,India
678,Eileen Drake,566 Walker Isle,001-924-788-5494,Doha,Middle East
679,George Baxter,4941 Jennifer Canyon Apt. 914,414.921.6846x896,Kolkata,India
680,Megan Rodriguez,0792 Perez Extension Suite 834,890-452-3865x520,Sydney,Australia
681,Joshua Murphy,250 Richard Streets Apt. 365,+1-270-903-8217,Chennai,India
682,Lisa Casey,21406 Lori Isle Apt. 162,001-476-934-6462,Bangalore,India
683,Anthony Adams,605 Christopher Ridge Suite 519,(383)568-9576x325,Melbourne,Australia
684,Mrs. Emily Espinoza MD,2390 Boyd Dam,578.374.2986,West Region,Singapore
685,Jason Good,0449 Walker Green Suite 961,4337258568,North Region,Singapore
686,Brittany Brown,33086 Phillips Fields,+1-497-892-4052x406,Madrid,Europe
687,Ryan Collins,3294 Joshua Plains,2259760661,Novosibirsk,Russia
688,Elizabeth Parks,9343 Martinez Mount Suite 079,796-732-5811,Brisbane,Australia
689,Christine Fitzgerald,269 Pierce Harbors,+1-383-762-3929x81445,Adelaide,Australia
690,Ann Hernandez,03659 Sims Mews,001-934-641-0505x784,Adelaide,Australia
691,Alan Wright,30944 Ramirez Mountain,(855)842-7325x44821,North-East Region,Singapore
692,Austin Mccoy,442 Michael Cliffs Suite 578,001-273-717-7131x021,Rome,Europe
693,Samantha Petersen DDS,24615 Glenda Parkways Suite 735,(658)534-8495,Doha,Middle East
694,Regina Frost,919 Sean Turnpike,676.477.6567x10925,Dubai,Middle East
695,Emily Hodges,7390 Nicholas Trail Apt. 570,(234)270-0427x461,Madrid,Europe
696,Todd Park,989 Day Brooks,001-240-382-5980x614,Abu Dhabi,Middle East
697,Samantha Wallace,481 Shannon Views Suite 469,+1-693-376-7733x086,North Region,Singapore
698,Angel Perez,477 Stevens Drive Suite 129,(501)472-1545,Riyadh,Middle East
699,Tammy Myers,3239 Amy Springs Apt. 091,3725937117,Doha,Middle East
700,Daniel Hanson MD,259 Gutierrez Prairie,(272)976-1286x816,Rome,Europe
